Entity,Code,Year,Literacy
Afghanistan,AFG,1979,18.15768
Afghanistan,AFG,2011,31.44885
Afghanistan,AFG,2015,38.16804
Afghanistan,AFG,2021,37.26604
Albania,ALB,2001,98.71298
Albania,ALB,2008,95.93864
Albania,ALB,2011,96.8453
Albania,ALB,2012,97.24697
Albania,ALB,2015,97.5539
Albania,ALB,2022,98.5
Algeria,DZA,1987,49.63088
Algeria,DZA,2002,69.8735
Algeria,DZA,2006,72.64868
Algeria,DZA,2008,75.13605
Algeria,DZA,2015,79.6084
Algeria,DZA,2018,81.40784
American Samoa,ASM,1980,97.34416
Andorra,AND,2011,100
Angola,AGO,2001,67.40542
Angola,AGO,2014,66.03011
Angola,AGO,2015,71.16416
Angola,AGO,2022,72.4
Anguilla,AIA,1984,95
Antigua and Barbuda,ATG,2001,98.95
Antigua and Barbuda,ATG,2014,98.95
Arab World,,1990,54.59347
Arab World,,2000,66.006065
Arab World,,2010,77.364586
Arab World (WB),,1978,46.47531
Arab World (WB),,1979,46.94826
Arab World (WB),,1980,47.53087
Arab World (WB),,1981,48.11101
Arab World (WB),,1982,48.67683
Arab World (WB),,1983,48.89918
Arab World (WB),,1984,49.61644
Arab World (WB),,1985,50.50422
Arab World (WB),,1986,51.30673
Arab World (WB),,1987,51.98211
Arab World (WB),,1988,52.97973
Arab World (WB),,1989,53.85493
Arab World (WB),,1990,54.79577
Arab World (WB),,1991,55.81391
Arab World (WB),,1992,56.86386
Arab World (WB),,1993,57.68294
Arab World (WB),,1994,58.44878
Arab World (WB),,1995,59.59429
Arab World (WB),,1996,60.88104
Arab World (WB),,1997,61.82833
Arab World (WB),,1998,63.03689
Arab World (WB),,1999,64.11116
Arab World (WB),,2000,64.8063
Arab World (WB),,2001,66.24235
Arab World (WB),,2002,67.3602
Arab World (WB),,2003,69.98903
Arab World (WB),,2004,70.57378
Arab World (WB),,2005,70.23333
Arab World (WB),,2006,69.12741
Arab World (WB),,2007,69.87659
Arab World (WB),,2008,70.67663
Arab World (WB),,2009,69.58039
Arab World (WB),,2010,70.51842
Arab World (WB),,2011,72.2775
Arab World (WB),,2012,75.70189
Arab World (WB),,2013,73.27648
Arab World (WB),,2014,77.57787
Arab World (WB),,2015,74.98121
Arab World (WB),,2016,76.38673
Arab World (WB),,2017,77.1703
Arab World (WB),,2018,74.28613
Arab World (WB),,2019,74.60366
Arab World (WB),,2020,75.02288
Arab World (WB),,2021,75.23118
Arab World (WB),,2022,75.17153
Argentina,ARG,1900,51.3
Argentina,ARG,1910,60.4
Argentina,ARG,1920,68.2
Argentina,ARG,1930,74.9
Argentina,ARG,1940,81.7
Argentina,ARG,1950,87.6
Argentina,ARG,1960,91.4
Argentina,ARG,1970,93
Argentina,ARG,1979,94.2
Argentina,ARG,1980,93.91286
Argentina,ARG,1991,96.04072
Argentina,ARG,2001,97.19331
Argentina,ARG,2014,98.03402
Argentina,ARG,2015,98.08997
Armenia,ARM,1989,98.75196
Armenia,ARM,2001,99.40016
Armenia,ARM,2011,99.74441
Armenia,ARM,2015,99.76842
Armenia,ARM,2016,99.74441
Armenia,ARM,2017,99.73607
Armenia,ARM,2020,99.78861
Aruba,ABW,2000,97.29125
Aruba,ABW,2010,96.82264
Aruba,ABW,2015,97.5242
Aruba,ABW,2020,97.99
Australia,AUS,2003,99
Austria,AUT,2011,98
Azerbaijan,AZE,1999,98.7918
Azerbaijan,AZE,2007,99.59319
Azerbaijan,AZE,2009,99.75984
Azerbaijan,AZE,2010,99.77114
Azerbaijan,AZE,2011,99.77863
Azerbaijan,AZE,2012,99.77577
Azerbaijan,AZE,2013,99.78936
Azerbaijan,AZE,2014,99.78899
Azerbaijan,AZE,2015,99.78806
Azerbaijan,AZE,2016,99.79006
Azerbaijan,AZE,2017,99.79123
Azerbaijan,AZE,2019,99.79598
Bahamas,BHS,2003,95.6
Bahrain,BHR,1981,69.75351
Bahrain,BHR,1991,84.01383
Bahrain,BHR,2001,86.54874
Bahrain,BHR,2010,94.55679
Bahrain,BHR,2011,92.3
Bahrain,BHR,2015,95.71726
Bangladesh,BGD,1981,29.22723
Bangladesh,BGD,1991,35.3193
Bangladesh,BGD,2001,47.4855
Bangladesh,BGD,2007,46.6636
Bangladesh,BGD,2011,58.76918
Bangladesh,BGD,2012,57.86075
Bangladesh,BGD,2013,61.01554
Bangladesh,BGD,2014,61.0933
Bangladesh,BGD,2015,65.13733
Bangladesh,BGD,2016,72.75872
Bangladesh,BGD,2017,72.89297
Bangladesh,BGD,2018,73.9122
Bangladesh,BGD,2019,74.68446
Bangladesh,BGD,2020,74.9089
Barbados,BRB,1970,99.26808
Barbados,BRB,1980,99.5
Barbados,BRB,2002,99.7
Belarus,BLR,1989,97.88337
Belarus,BLR,1999,99.59073
Belarus,BLR,2009,99.61706
Belarus,BLR,2015,99.72204
Belarus,BLR,2019,99.874
Belgium,BEL,1475,10
Belgium,BEL,1550,17
Belgium,BEL,1650,25
Belgium,BEL,1750,13
Belgium,BEL,2003,99
Belize,BLZ,1991,70.29842
Belize,BLZ,2001,80.9
Belize,BLZ,2015,82.77682
Benin,BEN,1979,16.48273
Benin,BEN,1992,27.24517
Benin,BEN,2002,34.65785
Benin,BEN,2006,28.70211
Benin,BEN,2012,32.94882
Benin,BEN,2015,38.44714
Benin,BEN,2022,47.1
Bermuda,BMU,2005,98
Bhutan,BTN,2005,52.81469
Bhutan,BTN,2012,55.31756
Bhutan,BTN,2015,63.90682
Bhutan,BTN,2017,66.56115
Bhutan,BTN,2022,72.1
Bolivia,BOL,1900,18
Bolivia,BOL,1910,20
Bolivia,BOL,1920,22
Bolivia,BOL,1930,25
Bolivia,BOL,1940,28
Bolivia,BOL,1950,32
Bolivia,BOL,1960,44
Bolivia,BOL,1970,58
Bolivia,BOL,1971,59
Bolivia,BOL,1972,60
Bolivia,BOL,1973,61
Bolivia,BOL,1974,62
Bolivia,BOL,1975,63
Bolivia,BOL,1976,63.20815
Bolivia,BOL,1992,79.99177
Bolivia,BOL,2001,86.72367
Bolivia,BOL,2007,90.74347
Bolivia,BOL,2008,90.69811
Bolivia,BOL,2009,91.16783
Bolivia,BOL,2011,92.22615
Bolivia,BOL,2012,94.46057
Bolivia,BOL,2015,92.45508
Bolivia,BOL,2020,93.85256
Bosnia and Herzegovina,BIH,1991,89.06359
Bosnia and Herzegovina,BIH,2000,96.6631
Bosnia and Herzegovina,BIH,2011,98.14204
Bosnia and Herzegovina,BIH,2013,96.99177
Bosnia and Herzegovina,BIH,2014,98.37765
Bosnia and Herzegovina,BIH,2015,98.48576
Bosnia and Herzegovina,BIH,2022,98.3
Botswana,BWA,1991,68.58091
Botswana,BWA,2003,81.18871
Botswana,BWA,2013,86.82318
Botswana,BWA,2014,87.70751
Botswana,BWA,2015,88.22441
Brazil,BRA,1900,35
Brazil,BRA,1910,35
Brazil,BRA,1920,35
Brazil,BRA,1930,39
Brazil,BRA,1940,44
Brazil,BRA,1950,49
Brazil,BRA,1960,60
Brazil,BRA,1970,68
Brazil,BRA,1979,75
Brazil,BRA,1980,74.58673
Brazil,BRA,2000,86.36788
Brazil,BRA,2004,88.61624
Brazil,BRA,2006,89.61523
Brazil,BRA,2007,90.00937
Brazil,BRA,2008,90.03662
Brazil,BRA,2009,90.29821
Brazil,BRA,2010,90.37918
Brazil,BRA,2011,91.41124
Brazil,BRA,2012,91.33785
Brazil,BRA,2013,91.48424
Brazil,BRA,2014,91.72943
Brazil,BRA,2015,92.0479
Brazil,BRA,2016,92.80844
Brazil,BRA,2017,93.07582
Brazil,BRA,2018,93.2275
Brazil,BRA,2022,94.69
British Virgin Islands,VGB,1991,97.8
Brunei,BRN,1981,77.7355
Brunei,BRN,1991,87.80418
Brunei,BRN,2001,92.67113
Brunei,BRN,2011,96.08556
Brunei,BRN,2015,96.65653
Brunei,BRN,2018,97.21411
Brunei,BRN,2021,97.59
Bulgaria,BGR,2001,98.20356
Bulgaria,BGR,2011,98.35245
Bulgaria,BGR,2015,98.38858
Bulgaria,BGR,2021,98.42
Burkina Faso,BFA,1975,8.83023
Burkina Faso,BFA,1991,13.56923
Burkina Faso,BFA,1996,12.84817
Burkina Faso,BFA,2003,21.82292
Burkina Faso,BFA,2005,23.5222
Burkina Faso,BFA,2006,22.47258
Burkina Faso,BFA,2007,28.29366
Burkina Faso,BFA,2014,34.5994
Burkina Faso,BFA,2015,37.7467
Burkina Faso,BFA,2018,39.34585
Burkina Faso,BFA,2019,29.66328
Burkina Faso,BFA,2022,34.49
Burundi,BDI,1979,22.50855
Burundi,BDI,1990,37.38472
Burundi,BDI,2000,59.30362
Burundi,BDI,2008,48.08406
Burundi,BDI,2014,61.51349
Burundi,BDI,2015,85.49609
Burundi,BDI,2017,68.37533
Burundi,BDI,2022,75.54
Cambodia,KHM,1998,67.33503
Cambodia,KHM,2004,73.60995
Cambodia,KHM,2008,76.87129
Cambodia,KHM,2009,76.13796
Cambodia,KHM,2014,78.05509
Cambodia,KHM,2015,80.52649
Cambodia,KHM,2022,83.78
Cameroon,CMR,1976,41.21621
Cameroon,CMR,2000,68.40916
Cameroon,CMR,2007,70.67994
Cameroon,CMR,2010,71.29051
Cameroon,CMR,2015,74.98558
Cameroon,CMR,2018,77.07104
Cameroon,CMR,2020,78.23
Canada,CAN,2003,99
Cape Verde,CPV,1990,62.79686
Cape Verde,CPV,2000,76.11044
Cape Verde,CPV,2004,80.01972
Cape Verde,CPV,2012,85.32779
Cape Verde,CPV,2015,86.79029
Cape Verde,CPV,2022,91
Caribbean small states,,2000,88.1378
Caribbean small states,,2010,91.76071
Cayman Islands,CYM,2007,98.86782
Cayman Islands,CYM,2017,98.86782
Central African Republic,CAF,1975,18.23617
Central African Republic,CAF,1988,33.62442
Central African Republic,CAF,2000,50.64517
Central African Republic,CAF,2010,36.75261
Central African Republic,CAF,2015,36.75261
Central African Republic,CAF,2018,37.39582
Central African Republic,CAF,2020,37.49
Central Europe and the Baltics,,1990,98.59496
Central Europe and the Baltics,,2000,98.96019
Central Europe and the Baltics,,2010,99.36096
Central Europe and the Baltics (WB),,1982,97.97562
Central Europe and the Baltics (WB),,1983,97.999
Central Europe and the Baltics (WB),,1984,98.03503
Central Europe and the Baltics (WB),,1985,98.06434
Central Europe and the Baltics (WB),,1986,98.09401
Central Europe and the Baltics (WB),,1987,98.12998
Central Europe and the Baltics (WB),,1988,98.21289
Central Europe and the Baltics (WB),,1989,98.27741
Central Europe and the Baltics (WB),,1990,98.34538
Central Europe and the Baltics (WB),,1991,98.40635
Central Europe and the Baltics (WB),,1992,98.4627
Central Europe and the Baltics (WB),,1993,98.51395
Central Europe and the Baltics (WB),,1994,98.56429
Central Europe and the Baltics (WB),,1995,98.61207
Central Europe and the Baltics (WB),,2013,99.29847
Central Europe and the Baltics (WB),,2014,99.31573
Central Europe and the Baltics (WB),,2015,99.33277
Central Europe and the Baltics (WB),,2016,99.3535
Central Europe and the Baltics (WB),,2017,99.37043
Central Europe and the Baltics (WB),,2018,99.38724
Central Europe and the Baltics (WB),,2019,99.40212
Central Europe and the Baltics (WB),,2020,99.41718
Central Europe and the Baltics (WB),,2021,99.42526
Central Europe and the Baltics (WB),,2022,99.42752
Chad,TCD,1993,10.89465
Chad,TCD,2000,25.65421
Chad,TCD,2004,28.38143
Chad,TCD,2014,39.04967
Chad,TCD,2015,26.00299
Chad,TCD,2016,22.31155
Chad,TCD,2022,27.28
Chile,CHL,1900,43
Chile,CHL,1910,53
Chile,CHL,1920,63
Chile,CHL,1930,75
Chile,CHL,1940,73
Chile,CHL,1950,79
Chile,CHL,1960,84
Chile,CHL,1970,88
Chile,CHL,1979,91
Chile,CHL,1980,92
Chile,CHL,1982,91.1284
Chile,CHL,1992,94.29114
Chile,CHL,2002,95.71662
Chile,CHL,2008,98.64901
Chile,CHL,2009,98.55368
Chile,CHL,2011,96.70301
Chile,CHL,2013,96.26706
Chile,CHL,2015,96.87413
Chile,CHL,2017,96.40228
Chile,CHL,2022,97.16
China,CHN,1982,65.50509
China,CHN,1990,77.78506
China,CHN,2000,90.92021
China,CHN,2010,95.12448
China,CHN,2015,96.35745
China,CHN,2020,97.15
Colombia,COL,1900,34
Colombia,COL,1910,39
Colombia,COL,1920,44
Colombia,COL,1930,52
Colombia,COL,1940,57
Colombia,COL,1950,62
Colombia,COL,1960,70
Colombia,COL,1970,78
Colombia,COL,1971,79
Colombia,COL,1972,79
Colombia,COL,1973,80
Colombia,COL,1974,81
Colombia,COL,1975,81
Colombia,COL,1976,82
Colombia,COL,1977,82
Colombia,COL,1978,83
Colombia,COL,1979,84
Colombia,COL,1980,84
Colombia,COL,1981,85
Colombia,COL,1993,91.06309
Colombia,COL,1996,91.20716
Colombia,COL,2004,92.80378
Colombia,COL,2005,92.84866
Colombia,COL,2006,92.29968
Colombia,COL,2007,92.65179
Colombia,COL,2008,93.37818
Colombia,COL,2009,93.24469
Colombia,COL,2010,93.37233
Colombia,COL,2011,93.58053
Colombia,COL,2014,94.18625
Colombia,COL,2015,94.24505
Colombia,COL,2016,94.65385
Colombia,COL,2018,95.09251
Colombia,COL,2019,95.24927
Colombia,COL,2020,95.63633
Comoros,COM,1980,47.91923
Comoros,COM,2000,68.48923
Comoros,COM,2012,49.19614
Comoros,COM,2014,77.57327
Comoros,COM,2015,78.13739
Comoros,COM,2022,61.71
Congo,COG,1984,59.61912
Congo,COG,2005,76.11479
Congo,COG,2011,79.31117
Congo,COG,2015,79.31117
Congo,COG,2021,80.61
Cook Islands,COK,2011,95
Costa Rica,CRI,1900,36
Costa Rica,CRI,1910,46
Costa Rica,CRI,1920,57
Costa Rica,CRI,1930,67
Costa Rica,CRI,1940,73
Costa Rica,CRI,1950,79
Costa Rica,CRI,1960,83
Costa Rica,CRI,1970,88
Costa Rica,CRI,1971,89
Costa Rica,CRI,1972,89
Costa Rica,CRI,1973,89
Costa Rica,CRI,1974,90
Costa Rica,CRI,1975,90
Costa Rica,CRI,1976,90
Costa Rica,CRI,1977,91
Costa Rica,CRI,1978,91
Costa Rica,CRI,1979,91
Costa Rica,CRI,1980,92
Costa Rica,CRI,1981,92
Costa Rica,CRI,1982,92
Costa Rica,CRI,1983,92
Costa Rica,CRI,1984,92.62904
Costa Rica,CRI,2000,94.86819
Costa Rica,CRI,2011,97.40658
Costa Rica,CRI,2015,97.64725
Costa Rica,CRI,2021,98.04
Cote d'Ivoire,CIV,1988,34.13928
Cote d'Ivoire,CIV,1998,36.35024
Cote d'Ivoire,CIV,2000,48.74076
Cote d'Ivoire,CIV,2012,40.98163
Cote d'Ivoire,CIV,2014,43.90842
Cote d'Ivoire,CIV,2015,43.26532
Cote d'Ivoire,CIV,2019,89.89342
Croatia,HRV,1991,96.70155
Croatia,HRV,2001,98.14668
Croatia,HRV,2011,99.12536
Croatia,HRV,2015,99.27259
Croatia,HRV,2021,99.45
Cuba,CUB,1900,46
Cuba,CUB,1910,57
Cuba,CUB,1920,64
Cuba,CUB,1930,71
Cuba,CUB,1940,76
Cuba,CUB,1950,78
Cuba,CUB,1960,79
Cuba,CUB,1970,89
Cuba,CUB,1971,90
Cuba,CUB,1972,90
Cuba,CUB,1973,90
Cuba,CUB,1974,91
Cuba,CUB,1975,91
Cuba,CUB,1976,91
Cuba,CUB,1977,92
Cuba,CUB,1978,92
Cuba,CUB,1979,92
Cuba,CUB,1980,93
Cuba,CUB,1981,97.84665
Cuba,CUB,2002,99.79907
Cuba,CUB,2012,99.67311
Cuba,CUB,2015,99.71072
Cuba,CUB,2021,99.67311
Cyprus,CYP,1992,94.36247
Cyprus,CYP,2001,96.80363
Cyprus,CYP,2011,98.67843
Cyprus,CYP,2015,99.05978
Cyprus,CYP,2021,99.36
Czechia,CZE,2011,99
Democratic Republic of Congo,COD,2001,67.17299
Democratic Republic of Congo,COD,2007,61.20555
Democratic Republic of Congo,COD,2012,75.01719
Democratic Republic of Congo,COD,2015,77.22167
Democratic Republic of Congo,COD,2016,77.04268
Democratic Republic of Congo,COD,2022,80.54
Denmark,DNK,2003,99
Djibouti,DJI,2003,67.9
Dominica,DMA,2003,94
Dominican Republic,DOM,1920,29
Dominican Republic,DOM,1930,26
Dominican Republic,DOM,1940,30
Dominican Republic,DOM,1950,43
Dominican Republic,DOM,1960,64
Dominican Republic,DOM,1970,67
Dominican Republic,DOM,1971,68
Dominican Republic,DOM,1972,68
Dominican Republic,DOM,1973,69
Dominican Republic,DOM,1974,70
Dominican Republic,DOM,1975,70
Dominican Republic,DOM,1976,71
Dominican Republic,DOM,1977,72
Dominican Republic,DOM,1978,73
Dominican Republic,DOM,1979,73
Dominican Republic,DOM,1980,74
Dominican Republic,DOM,1981,73.06457
Dominican Republic,DOM,2002,86.99647
Dominican Republic,DOM,2007,88.24446
Dominican Republic,DOM,2010,89.53873
Dominican Republic,DOM,2011,90.10638
Dominican Republic,DOM,2012,90.15518
Dominican Republic,DOM,2013,90.85815
Dominican Republic,DOM,2014,91.76376
Dominican Republic,DOM,2015,91.99121
Dominican Republic,DOM,2016,93.77846
Dominican Republic,DOM,2022,95.5
Early-demographic dividend,,1990,59.518055
Early-demographic dividend,,2000,69.11661
Early-demographic dividend,,2010,76.50836
East Asia & Pacific,,1990,82.054344
East Asia & Pacific,,2000,91.61869
East Asia & Pacific,,2010,95.10822
East Asia & Pacific (IDA & IBRD),,1990,79.458626
East Asia & Pacific (IDA & IBRD),,2000,90.649956
East Asia & Pacific (IDA & IBRD),,2010,94.68925
East Asia & Pacific (excluding high income),,1990,79.7442
East Asia & Pacific (excluding high income),,2000,90.77303
East Asia & Pacific (excluding high income),,2010,94.75167
East Asia and the Pacific (WB),,1976,65.691
East Asia and the Pacific (WB),,1977,65.87666
East Asia and the Pacific (WB),,1978,66.96806
East Asia and the Pacific (WB),,1979,68.18393
East Asia and the Pacific (WB),,1980,68.76246
East Asia and the Pacific (WB),,1981,70.37613
East Asia and the Pacific (WB),,1982,70.96971
East Asia and the Pacific (WB),,1983,72.24865
East Asia and the Pacific (WB),,1984,73.23173
East Asia and the Pacific (WB),,1985,74.16798
East Asia and the Pacific (WB),,1986,75.00072
East Asia and the Pacific (WB),,1987,76.17425
East Asia and the Pacific (WB),,1988,79.95977
East Asia and the Pacific (WB),,1989,80.60751
East Asia and the Pacific (WB),,1990,80.46115
East Asia and the Pacific (WB),,1991,81.70511
East Asia and the Pacific (WB),,1992,82.22357
East Asia and the Pacific (WB),,1993,82.68984
East Asia and the Pacific (WB),,1994,83.2462
East Asia and the Pacific (WB),,1995,83.79772
East Asia and the Pacific (WB),,1996,84.29004
East Asia and the Pacific (WB),,1997,89.27749
East Asia and the Pacific (WB),,1998,89.64008
East Asia and the Pacific (WB),,1999,89.96095
East Asia and the Pacific (WB),,2000,90.24882
East Asia and the Pacific (WB),,2001,90.64381
East Asia and the Pacific (WB),,2002,90.98892
East Asia and the Pacific (WB),,2003,91.35197
East Asia and the Pacific (WB),,2004,91.69667
East Asia and the Pacific (WB),,2005,92.01266
East Asia and the Pacific (WB),,2006,92.41628
East Asia and the Pacific (WB),,2007,93.44074
East Asia and the Pacific (WB),,2008,93.72558
East Asia and the Pacific (WB),,2009,94.02799
East Asia and the Pacific (WB),,2010,94.12464
East Asia and the Pacific (WB),,2011,93.83104
East Asia and the Pacific (WB),,2012,94.02285
East Asia and the Pacific (WB),,2013,94.12432
East Asia and the Pacific (WB),,2014,94.65799
East Asia and the Pacific (WB),,2015,94.8695
East Asia and the Pacific (WB),,2016,95.03397
East Asia and the Pacific (WB),,2017,95.20588
East Asia and the Pacific (WB),,2018,95.30794
East Asia and the Pacific (WB),,2019,95.70822
East Asia and the Pacific (WB),,2020,96.00155
East Asia and the Pacific (WB),,2021,96.03774
East Timor,TLS,2001,37.6
East Timor,TLS,2007,50.6
East Timor,TLS,2010,58.30898
East Timor,TLS,2015,64.06614
East Timor,TLS,2020,69.9
Ecuador,ECU,1900,33
Ecuador,ECU,1910,38
Ecuador,ECU,1920,42
Ecuador,ECU,1930,46
Ecuador,ECU,1940,51
Ecuador,ECU,1950,56
Ecuador,ECU,1960,65
Ecuador,ECU,1970,74
Ecuador,ECU,1971,75
Ecuador,ECU,1972,76
Ecuador,ECU,1973,77
Ecuador,ECU,1974,77
Ecuador,ECU,1975,78
Ecuador,ECU,1976,79
Ecuador,ECU,1977,80
Ecuador,ECU,1978,80
Ecuador,ECU,1979,81
Ecuador,ECU,1980,82
Ecuador,ECU,1981,82
Ecuador,ECU,1982,83.55269
Ecuador,ECU,1990,88.29876
Ecuador,ECU,2001,90.98403
Ecuador,ECU,2007,92.09679
Ecuador,ECU,2008,92.39005
Ecuador,ECU,2009,92.24976
Ecuador,ECU,2010,91.85404
Ecuador,ECU,2011,91.5869
Ecuador,ECU,2012,92.06473
Ecuador,ECU,2013,93.29463
Ecuador,ECU,2014,94.22264
Ecuador,ECU,2015,94.45566
Ecuador,ECU,2016,94.35023
Ecuador,ECU,2017,92.82979
Ecuador,ECU,2020,93.6261
Ecuador,ECU,2021,94.48359
Ecuador,ECU,2022,93.94812
Egypt,EGY,1976,38.19676
Egypt,EGY,1986,44.42399
Egypt,EGY,1996,55.587
Egypt,EGY,2005,67.33187
Egypt,EGY,2006,66.36991
Egypt,EGY,2010,72.04785
Egypt,EGY,2012,73.86559
Egypt,EGY,2013,72.4425
Egypt,EGY,2015,75.84262
Egypt,EGY,2017,71.16825
Egypt,EGY,2022,74.5
El Salvador,SLV,1900,26
El Salvador,SLV,1910,27
El Salvador,SLV,1920,27
El Salvador,SLV,1930,28
El Salvador,SLV,1940,35
El Salvador,SLV,1950,42
El Salvador,SLV,1960,48
El Salvador,SLV,1970,58
El Salvador,SLV,1971,59
El Salvador,SLV,1972,60
El Salvador,SLV,1973,61
El Salvador,SLV,1974,61
El Salvador,SLV,1975,62
El Salvador,SLV,1992,74.14316
El Salvador,SLV,2004,80.77836
El Salvador,SLV,2006,83.55946
El Salvador,SLV,2007,82.02863
El Salvador,SLV,2008,83.9513
El Salvador,SLV,2009,84.10289
El Salvador,SLV,2010,84.49272
El Salvador,SLV,2011,85.49399
El Salvador,SLV,2013,86.76758
El Salvador,SLV,2015,87.96985
El Salvador,SLV,2016,88.14177
El Salvador,SLV,2017,88.48271
El Salvador,SLV,2018,89.0086
El Salvador,SLV,2019,89.13792
El Salvador,SLV,2020,89.98453
Equatorial Guinea,GNQ,2000,88.3083
Equatorial Guinea,GNQ,2010,94.37054
Equatorial Guinea,GNQ,2014,94.95674
Equatorial Guinea,GNQ,2015,95.19566
Eritrea,ERI,2002,52.51395
Eritrea,ERI,2008,64.66297
Eritrea,ERI,2014,72.79049
Eritrea,ERI,2015,73.84525
Eritrea,ERI,2018,76.57052
Estonia,EST,1989,99.72644
Estonia,EST,2000,99.7672
Estonia,EST,2011,99.88579
Estonia,EST,2015,99.82351
Estonia,EST,2021,99.87
Eswatini,SWZ,1976,55.32504
Eswatini,SWZ,1986,67.23938
Eswatini,SWZ,2000,81.6607
Eswatini,SWZ,2010,83.09829
Eswatini,SWZ,2015,87.47019
Eswatini,SWZ,2020,89.28
Ethiopia,ETH,1994,27.01135
Ethiopia,ETH,2004,35.9
Ethiopia,ETH,2005,29.82034
Ethiopia,ETH,2007,38.99598
Ethiopia,ETH,2015,49.03152
Ethiopia,ETH,2017,51.77118
Europe & Central Asia,,1990,97.26079
Europe & Central Asia,,2000,98.14584
Europe & Central Asia,,2010,98.99759
Europe & Central Asia (IDA & IBRD),,1990,95.9422
Europe & Central Asia (IDA & IBRD),,2000,97.452644
Europe & Central Asia (IDA & IBRD),,2010,98.89095
Europe & Central Asia (excluding high income),,1990,95.56776
Europe & Central Asia (excluding high income),,2000,97.21841
Europe & Central Asia (excluding high income),,2010,98.79964
Europe and Central Asia (WB),,1994,95.7228
Europe and Central Asia (WB),,1995,95.85668
Europe and Central Asia (WB),,1996,96.01994
Europe and Central Asia (WB),,1997,96.14668
Europe and Central Asia (WB),,1998,96.2917
Europe and Central Asia (WB),,1999,96.40454
Europe and Central Asia (WB),,2000,96.49407
Europe and Central Asia (WB),,2001,96.5861
Europe and Central Asia (WB),,2002,96.76737
Europe and Central Asia (WB),,2003,96.86625
Europe and Central Asia (WB),,2004,96.94808
Europe and Central Asia (WB),,2005,97.11324
Europe and Central Asia (WB),,2006,97.14116
Europe and Central Asia (WB),,2007,97.24182
Europe and Central Asia (WB),,2008,97.35377
Europe and Central Asia (WB),,2009,97.41368
Europe and Central Asia (WB),,2010,97.74728
Europe and Central Asia (WB),,2011,97.88421
Europe and Central Asia (WB),,2012,97.98754
Europe and Central Asia (WB),,2013,98.05367
Europe and Central Asia (WB),,2014,98.09614
Europe and Central Asia (WB),,2015,98.13865
Europe and Central Asia (WB),,2016,98.23154
Europe and Central Asia (WB),,2017,98.27937
Europe and Central Asia (WB),,2018,98.39641
Europe and Central Asia (WB),,2019,98.43328
Europe and Central Asia (WB),,2020,98.50483
Europe and Central Asia (WB),,2021,98.52377
Europe and Central Asia (WB),,2022,98.54106
Fiji,FJI,2003,93.7
Finland,FIN,2000,100
Fragile and conflict affected situations,,2000,63.947193
Fragile and conflict affected situations,,2010,68.33667
France,FRA,1475,6
France,FRA,1550,19
France,FRA,1650,29
France,FRA,1750,29
France,FRA,1820,38
France,FRA,1870,69
France,FRA,2003,99
French Polynesia,PYF,1977,98
Gabon,GAB,1993,72.23367
Gabon,GAB,2004,81.84552
Gabon,GAB,2012,82.2838
Gabon,GAB,2015,83.23788
Gabon,GAB,2022,85.69
Gambia,GMB,2000,36.81773
Gambia,GMB,2013,41.95005
Gambia,GMB,2014,54.38756
Gambia,GMB,2015,50.77797
Gambia,GMB,2022,58.67
Georgia,GEO,2002,99.65235
Georgia,GEO,2014,99.58619
Georgia,GEO,2015,99.75962
Georgia,GEO,2017,99.36426
Georgia,GEO,2022,99.57499
Germany,DEU,1475,9
Germany,DEU,1550,16
Germany,DEU,1650,31
Germany,DEU,1750,38
Germany,DEU,2003,99
Ghana,GHA,2000,57.89747
Ghana,GHA,2010,71.49707
Ghana,GHA,2015,76.5759
Ghana,GHA,2020,80.38
Gibraltar,GIB,2011,80
Greece,GRC,1981,90.51232
Greece,GRC,1991,92.61045
Greece,GRC,2001,95.99436
Greece,GRC,2009,93.90511
Greece,GRC,2014,97.53238
Greece,GRC,2015,95.29287
Greenland,GRL,2001,100
Grenada,GRD,1970,97.79447
Grenada,GRD,1980,98.4
Grenada,GRD,2003,96
Guam,GUM,1980,96.42065
Guam,GUM,1990,99.36915
Guam,GUM,2000,99.56
Guam,GUM,2015,99.78904
Guatemala,GTM,1900,12
Guatemala,GTM,1910,13
Guatemala,GTM,1920,15
Guatemala,GTM,1930,19
Guatemala,GTM,1940,24
Guatemala,GTM,1950,29
Guatemala,GTM,1960,35
Guatemala,GTM,1970,45
Guatemala,GTM,1971,46
Guatemala,GTM,1972,47
Guatemala,GTM,1973,48
Guatemala,GTM,1974,48
Guatemala,GTM,1975,49
Guatemala,GTM,1976,50
Guatemala,GTM,1977,51
Guatemala,GTM,1978,52
Guatemala,GTM,1979,52
Guatemala,GTM,1994,64.21164
Guatemala,GTM,2002,69.10173
Guatemala,GTM,2012,78.26486
Guatemala,GTM,2013,77.03867
Guatemala,GTM,2014,81.2859
Guatemala,GTM,2015,79.07421
Guatemala,GTM,2018,80.81068
Guatemala,GTM,2022,84.27
Guinea,GIN,1996,20.55375
Guinea,GIN,2003,29.70402
Guinea,GIN,2010,25.30774
Guinea,GIN,2014,32.00384
Guinea,GIN,2015,30.47279
Guinea,GIN,2018,39.61768
Guinea,GIN,2021,45.33
Guinea-Bissau,GNB,1979,19.95825
Guinea-Bissau,GNB,2000,41.35777
Guinea-Bissau,GNB,2014,45.58116
Guinea-Bissau,GNB,2015,59.77285
Guinea-Bissau,GNB,2022,53.9
Guyana,GUY,2009,84.99401
Guyana,GUY,2014,85.63973
Guyana,GUY,2015,87.53532
Guyana,GUY,2022,90.03
Haiti,HTI,1900,8
Haiti,HTI,1910,8
Haiti,HTI,1920,8
Haiti,HTI,1930,8
Haiti,HTI,1940,9
Haiti,HTI,1950,11
Haiti,HTI,1960,16
Haiti,HTI,1970,22
Haiti,HTI,1971,23
Haiti,HTI,1972,24
Haiti,HTI,1973,25
Haiti,HTI,1974,25
Haiti,HTI,1975,26
Haiti,HTI,1976,27
Haiti,HTI,1977,28
Haiti,HTI,1978,29
Haiti,HTI,1979,30
Haiti,HTI,1980,31
Haiti,HTI,1981,31
Haiti,HTI,1982,34.73469
Haiti,HTI,2003,58.7439
Haiti,HTI,2006,48.68502
Haiti,HTI,2015,60.68935
Haiti,HTI,2016,61.69135
Heavily indebted poor countries (HIPC),,1990,45.420242
Heavily indebted poor countries (HIPC),,2000,52.221073
Heavily indebted poor countries (HIPC),,2010,57.837166
Honduras,HND,1900,28
Honduras,HND,1910,30
Honduras,HND,1920,32
Honduras,HND,1930,33
Honduras,HND,1940,35
Honduras,HND,1950,40
Honduras,HND,1960,44
Honduras,HND,1970,53
Honduras,HND,1971,54
Honduras,HND,1972,55
Honduras,HND,1973,56
Honduras,HND,1974,57
Honduras,HND,1975,58
Honduras,HND,1976,58
Honduras,HND,1977,59
Honduras,HND,1978,60
Honduras,HND,1979,61
Honduras,HND,1980,61
Honduras,HND,1981,62
Honduras,HND,1982,63
Honduras,HND,1983,64
Honduras,HND,1984,64
Honduras,HND,1985,65
Honduras,HND,1986,66
Honduras,HND,1987,66
Honduras,HND,1988,67
Honduras,HND,1989,68
Honduras,HND,2001,80.01103
Honduras,HND,2007,83.58899
Honduras,HND,2010,84.75536
Honduras,HND,2011,85.1233
Honduras,HND,2012,85.35555
Honduras,HND,2013,85.46442
Honduras,HND,2014,87.19753
Honduras,HND,2015,87.90683
Honduras,HND,2016,88.98748
Honduras,HND,2018,87.20524
Honduras,HND,2019,88.50743
Hong Kong,HKG,2002,93.5
Hungary,HUN,1980,98.85829
Hungary,HUN,1990,99.1
Hungary,HUN,1994,98.98207
Hungary,HUN,2004,99.02922
Hungary,HUN,2014,99.05012
Hungary,HUN,2015,99.38088
Hungary,HUN,2021,99.1
IBRD only,,1990,73.64205
IBRD only,,2000,82.563576
IBRD only,,2010,87.32906
IDA & IBRD total,,1990,69.8612
IDA & IBRD total,,2000,77.90584
IDA & IBRD total,,2010,82.39069
IDA blend,,1990,63.288082
IDA blend,,2010,69.031975
IDA only,,1990,48.29747
IDA only,,2000,55.4478
IDA only,,2010,61.650894
IDA total,,1990,54.1447
IDA total,,2000,59.467594
IDA total,,2010,64.43312
Iceland,ISL,2003,99
India,IND,1981,40.76359
India,IND,1991,48.22207
India,IND,2001,61.01456
India,IND,2006,62.75447
India,IND,2011,69.30256
India,IND,2015,72.2253
India,IND,2022,76.32278
Indonesia,IDN,1980,67.31267
Indonesia,IDN,1990,81.51985
Indonesia,IDN,2004,90.38479
Indonesia,IDN,2006,91.98227
Indonesia,IDN,2008,92.1923
Indonesia,IDN,2009,92.5817
Indonesia,IDN,2011,92.81191
Indonesia,IDN,2014,95.11622
Indonesia,IDN,2015,95.21793
Indonesia,IDN,2016,95.37697
Indonesia,IDN,2018,95.65856
Indonesia,IDN,2020,95.99901
Iran,IRN,1976,36.5184
Iran,IRN,1986,52.31976
Iran,IRN,1991,65.5314
Iran,IRN,1996,73.06025
Iran,IRN,2002,77
Iran,IRN,2005,82.4412
Iran,IRN,2006,82.33132
Iran,IRN,2008,82.9623
Iran,IRN,2012,83.62599
Iran,IRN,2013,84.6268
Iran,IRN,2014,84.70524
Iran,IRN,2015,87.17253
Iran,IRN,2016,85.54425
Iran,IRN,2022,88.96
Iraq,IRQ,2000,74.0522
Iraq,IRQ,2012,77.2
Iraq,IRQ,2014,82.2
Iraq,IRQ,2015,79.72176
Iraq,IRQ,2016,83.3
Iraq,IRQ,2017,85.6
Ireland,IRL,1475,0
Ireland,IRL,1550,0
Ireland,IRL,1650,3
Ireland,IRL,1750,21
Ireland,IRL,2003,99
Israel,ISR,1983,91.75141
Israel,ISR,2004,97.1
Italy,ITA,1475,15
Italy,ITA,1550,18
Italy,ITA,1650,23
Italy,ITA,1750,23
Italy,ITA,1820,22
Italy,ITA,1870,32
Italy,ITA,1981,96.46054
Italy,ITA,2001,98.41662
Italy,ITA,2011,98.84828
Italy,ITA,2015,99.01579
Italy,ITA,2019,99.3491
Jamaica,JAM,1999,79.92012
Jamaica,JAM,2014,88.13225
Jamaica,JAM,2015,88.4999
Japan,JPN,2002,99
Jordan,JOR,1979,66.79681
Jordan,JOR,2003,89.89232
Jordan,JOR,2005,91.13075
Jordan,JOR,2007,92.19958
Jordan,JOR,2010,92.55104
Jordan,JOR,2011,95.90445
Jordan,JOR,2012,97.89032
Jordan,JOR,2015,98.01435
Jordan,JOR,2021,98.42
Kazakhstan,KAZ,1989,97.52938
Kazakhstan,KAZ,1999,99.51266
Kazakhstan,KAZ,2009,99.73241
Kazakhstan,KAZ,2010,99.78163
Kazakhstan,KAZ,2015,99.78785
Kazakhstan,KAZ,2020,99.8
Kenya,KEN,2000,82.22908
Kenya,KEN,2007,72.15703
Kenya,KEN,2014,78.73304
Kenya,KEN,2015,78.0234
Kenya,KEN,2022,82.88
Kosovo,OWID_KOS,2007,91.9
Kuwait,KWT,1975,59.56439
Kuwait,KWT,1980,67.51766
Kuwait,KWT,1985,74.49087
Kuwait,KWT,1995,78.3955
Kuwait,KWT,2005,93.27446
Kuwait,KWT,2006,93.28212
Kuwait,KWT,2007,93.66419
Kuwait,KWT,2008,93.8983
Kuwait,KWT,2010,94.46901
Kuwait,KWT,2012,95.51317
Kuwait,KWT,2013,95.58582
Kuwait,KWT,2015,95.68545
Kuwait,KWT,2017,96.03595
Kuwait,KWT,2018,96.05647
Kuwait,KWT,2020,96.45754
Kyrgyzstan,KGZ,1999,98.70161
Kyrgyzstan,KGZ,2009,99.24343
Kyrgyzstan,KGZ,2015,99.50132
Kyrgyzstan,KGZ,2019,99.6
Laos,LAO,1995,60.25133
Laos,LAO,2000,69.58312
Laos,LAO,2001,68.73439
Laos,LAO,2005,72.70226
Laos,LAO,2011,58.28794
Laos,LAO,2015,84.66104
Laos,LAO,2022,87.52
Late-demographic dividend,,1990,82.47946
Late-demographic dividend,,2000,91.466995
Late-demographic dividend,,2010,94.78494
Latin America & Caribbean,,1990,87.46383
Latin America & Caribbean,,2000,89.73644
Latin America & Caribbean,,2010,92.62431
Latin America & Caribbean (IDA & IBRD),,1990,87.06507
Latin America & Caribbean (IDA & IBRD),,2000,89.47367
Latin America & Caribbean (IDA & IBRD),,2010,92.4664
Latin America & Caribbean (excluding high income),,1990,87.10164
Latin America & Caribbean (excluding high income),,2000,89.45039
Latin America & Caribbean (excluding high income),,2010,92.44799
Latin America and Caribbean (WB),,1974,78.71795
Latin America and Caribbean (WB),,1975,78.73679
Latin America and Caribbean (WB),,1976,79.08727
Latin America and Caribbean (WB),,1977,79.48948
Latin America and Caribbean (WB),,1978,79.92699
Latin America and Caribbean (WB),,1979,80.32272
Latin America and Caribbean (WB),,1980,80.63629
Latin America and Caribbean (WB),,1981,81.06476
Latin America and Caribbean (WB),,1982,81.44642
Latin America and Caribbean (WB),,1983,81.84256
Latin America and Caribbean (WB),,1984,82.2144
Latin America and Caribbean (WB),,1985,82.5733
Latin America and Caribbean (WB),,1986,82.92528
Latin America and Caribbean (WB),,1987,83.21761
Latin America and Caribbean (WB),,1988,83.70771
Latin America and Caribbean (WB),,1989,84.14951
Latin America and Caribbean (WB),,1990,84.46313
Latin America and Caribbean (WB),,1991,85.06566
Latin America and Caribbean (WB),,1992,85.6456
Latin America and Caribbean (WB),,1993,86.24845
Latin America and Caribbean (WB),,1994,86.82307
Latin America and Caribbean (WB),,1995,87.40622
Latin America and Caribbean (WB),,1996,87.72445
Latin America and Caribbean (WB),,1997,88.04447
Latin America and Caribbean (WB),,1998,88.39904
Latin America and Caribbean (WB),,1999,88.70349
Latin America and Caribbean (WB),,2000,88.956
Latin America and Caribbean (WB),,2001,89.14797
Latin America and Caribbean (WB),,2002,89.29534
Latin America and Caribbean (WB),,2003,90.08651
Latin America and Caribbean (WB),,2004,90.02801
Latin America and Caribbean (WB),,2005,90.51114
Latin America and Caribbean (WB),,2006,90.46458
Latin America and Caribbean (WB),,2007,91.07581
Latin America and Caribbean (WB),,2008,91.32739
Latin America and Caribbean (WB),,2009,91.59747
Latin America and Caribbean (WB),,2010,91.58735
Latin America and Caribbean (WB),,2011,92.15575
Latin America and Caribbean (WB),,2012,92.39838
Latin America and Caribbean (WB),,2013,92.44463
Latin America and Caribbean (WB),,2014,92.88939
Latin America and Caribbean (WB),,2015,93.05001
Latin America and Caribbean (WB),,2016,93.52842
Latin America and Caribbean (WB),,2017,93.59473
Latin America and Caribbean (WB),,2018,93.72667
Latin America and Caribbean (WB),,2019,94.17398
Latin America and Caribbean (WB),,2020,94.19925
Latin America and Caribbean (WB),,2021,94.45465
Latin America and Caribbean (WB),,2022,94.60012
Latvia,LVA,1989,99.4523
Latvia,LVA,2000,99.74657
Latvia,LVA,2011,99.8959
Latvia,LVA,2015,99.89269
Latvia,LVA,2021,99.89
Least developed countries: UN classification,,1990,45.830433
Least developed countries: UN classification,,2000,53.4134
Least developed countries: UN classification,,2010,60.568233
Lebanon,LBN,2007,89.61244
Lebanon,LBN,2009,91.18419
Lebanon,LBN,2015,94.0511
Lebanon,LBN,2019,95.3
Lesotho,LSO,2000,86.25443
Lesotho,LSO,2009,75.8002
Lesotho,LSO,2014,76.6352
Lesotho,LSO,2015,79.36093
Lesotho,LSO,2022,82.01
Liberia,LBR,1984,32.10677
Liberia,LBR,1994,42.66605
Liberia,LBR,2004,43.10837
Liberia,LBR,2007,42.94108
Liberia,LBR,2015,47.60014
Liberia,LBR,2017,48.30136
Libya,LBY,1984,60.16439
Libya,LBY,1994,76.5
Libya,LBY,2004,85.41682
Libya,LBY,2014,91.04144
Libya,LBY,2015,91.38887
Liechtenstein,LIE,2011,100
Lithuania,LTU,1989,98.44127
Lithuania,LTU,2001,99.64575
Lithuania,LTU,2011,99.8156
Lithuania,LTU,2015,99.82328
Lithuania,LTU,2021,99.83
Low income,,1990,46.02458
Low income,,2000,52.69497
Low income,,2010,56.57406
Low-income countries,,1988,46.46776
Low-income countries,,1989,46.91318
Low-income countries,,1990,47.39702
Low-income countries,,1991,47.67013
Low-income countries,,1992,47.86018
Low-income countries,,1993,48.05545
Low-income countries,,1994,48.47019
Low-income countries,,1995,48.68699
Low-income countries,,1996,49.01804
Low-income countries,,1997,49.68811
Low-income countries,,1998,50.38674
Low-income countries,,1999,50.95138
Low-income countries,,2000,51.08766
Low-income countries,,2001,52.20483
Low-income countries,,2002,52.86006
Low-income countries,,2003,53.04443
Low-income countries,,2004,54.50513
Low-income countries,,2005,53.67301
Low-income countries,,2006,52.02352
Low-income countries,,2007,53.35608
Low-income countries,,2008,54.1951
Low-income countries,,2009,54.65457
Low-income countries,,2010,55.08571
Low-income countries,,2011,57.13771
Low-income countries,,2012,57.59889
Low-income countries,,2013,58.55048
Low-income countries,,2014,58.89173
Low-income countries,,2015,59.36031
Low-income countries,,2016,60.10976
Low-income countries,,2017,61.12589
Low-income countries,,2018,60.92019
Low-income countries,,2019,61.11123
Low-income countries,,2020,61.18985
Low-income countries,,2021,61.66338
Low-income countries,,2022,61.87062
Lower middle income,,1990,58.59612
Lower middle income,,2000,67.3316
Lower middle income,,2010,73.91008
Lower-middle-income countries,,1975,46.08655
Lower-middle-income countries,,1976,46.21935
Lower-middle-income countries,,1977,46.74835
Lower-middle-income countries,,1978,47.29462
Lower-middle-income countries,,1979,47.81219
Lower-middle-income countries,,1980,48.36388
Lower-middle-income countries,,1981,48.55208
Lower-middle-income countries,,1982,49.45058
Lower-middle-income countries,,1983,50.02004
Lower-middle-income countries,,1984,50.62377
Lower-middle-income countries,,1985,51.23839
Lower-middle-income countries,,1986,51.76948
Lower-middle-income countries,,1987,52.62234
Lower-middle-income countries,,1988,53.31907
Lower-middle-income countries,,1989,54.04309
Lower-middle-income countries,,1990,54.91134
Lower-middle-income countries,,1991,55.46039
Lower-middle-income countries,,1992,56.43855
Lower-middle-income countries,,1993,57.25194
Lower-middle-income countries,,1994,57.99136
Lower-middle-income countries,,1995,58.78256
Lower-middle-income countries,,1996,59.54242
Lower-middle-income countries,,1997,60.26108
Lower-middle-income countries,,1998,63.48546
Lower-middle-income countries,,1999,64.18974
Lower-middle-income countries,,2000,64.36212
Lower-middle-income countries,,2001,64.92597
Lower-middle-income countries,,2002,65.69058
Lower-middle-income countries,,2003,66.75361
Lower-middle-income countries,,2004,67.48014
Lower-middle-income countries,,2005,67.13873
Lower-middle-income countries,,2006,67.42352
Lower-middle-income countries,,2007,67.74212
Lower-middle-income countries,,2008,68.38011
Lower-middle-income countries,,2009,69.18902
Lower-middle-income countries,,2010,70.93375
Lower-middle-income countries,,2011,71.01206
Lower-middle-income countries,,2012,71.84989
Lower-middle-income countries,,2013,72.41251
Lower-middle-income countries,,2014,73.23756
Lower-middle-income countries,,2015,74.02703
Lower-middle-income countries,,2016,74.70815
Lower-middle-income countries,,2017,75.37246
Lower-middle-income countries,,2018,75.94947
Lower-middle-income countries,,2019,76.15857
Lower-middle-income countries,,2020,76.69681
Lower-middle-income countries,,2021,77.25923
Lower-middle-income countries,,2022,77.79563
Luxembourg,LUX,2000,100
Macao,MAC,1981,90.37818
Macao,MAC,2001,91.29537
Macao,MAC,2006,93.49975
Macao,MAC,2011,95.64004
Macao,MAC,2015,96.2276
Macao,MAC,2016,96.53849
Macao,MAC,2021,97.11
Madagascar,MDG,2000,70.68617
Madagascar,MDG,2005,58.93594
Madagascar,MDG,2009,64.48091
Madagascar,MDG,2012,71.57262
Madagascar,MDG,2015,64.6563
Madagascar,MDG,2018,76.67968
Madagascar,MDG,2022,77.48
Malawi,MWI,1987,48.53665
Malawi,MWI,1998,64.13425
Malawi,MWI,2010,61.30972
Malawi,MWI,2014,65.14537
Malawi,MWI,2015,62.14354
Malawi,MWI,2022,68.08
Malaysia,MYS,1980,69.51633
Malaysia,MYS,1991,82.91537
Malaysia,MYS,2000,88.68776
Malaysia,MYS,2010,93.11789
Malaysia,MYS,2015,94.63699
Maldives,MDV,1977,82.29996
Maldives,MDV,1985,92.23005
Maldives,MDV,1990,96.01826
Maldives,MDV,1995,96.3265
Maldives,MDV,2000,96.3265
Maldives,MDV,2006,98.3979
Maldives,MDV,2014,98.61012
Maldives,MDV,2015,99.32102
Maldives,MDV,2016,97.73495
Maldives,MDV,2021,97.86
Mali,MLI,1976,9.43381
Mali,MLI,1998,19.04497
Mali,MLI,2003,24
Mali,MLI,2006,26.17655
Mali,MLI,2010,31.09975
Mali,MLI,2011,30.61867
Mali,MLI,2015,33.06889
Mali,MLI,2018,35.47377
Mali,MLI,2020,30.76141
Malta,MLT,1985,86.92984
Malta,MLT,1995,87.8687
Malta,MLT,2005,92.36309
Malta,MLT,2011,93.30736
Malta,MLT,2015,94.06661
Malta,MLT,2021,94.94
Marshall Islands,MHL,2011,98.26508
Marshall Islands,MHL,2015,98.26508
Mauritania,MRT,2000,51.20768
Mauritania,MRT,2007,45.50378
Mauritania,MRT,2013,62.06875
Mauritania,MRT,2015,52.12356
Mauritania,MRT,2021,66.96
Mauritius,MUS,1990,79.86866
Mauritius,MUS,2000,84.30309
Mauritius,MUS,2011,89.24984
Mauritius,MUS,2012,91.76601
Mauritius,MUS,2013,91.49003
Mauritius,MUS,2014,92.47476
Mauritius,MUS,2015,92.7076
Mauritius,MUS,2016,93.15784
Mauritius,MUS,2021,92.15
Mexico,MEX,1900,24
Mexico,MEX,1910,30
Mexico,MEX,1920,35
Mexico,MEX,1930,36
Mexico,MEX,1940,46
Mexico,MEX,1950,60
Mexico,MEX,1960,65
Mexico,MEX,1970,75
Mexico,MEX,1979,82
Mexico,MEX,1980,82.98924
Mexico,MEX,1990,87.55615
Mexico,MEX,2000,90.53562
Mexico,MEX,2002,90.27465
Mexico,MEX,2004,90.95374
Mexico,MEX,2005,91.63027
Mexico,MEX,2006,91.73452
Mexico,MEX,2007,92.79517
Mexico,MEX,2008,92.9256
Mexico,MEX,2009,93.44188
Mexico,MEX,2010,93.06894
Mexico,MEX,2011,93.51998
Mexico,MEX,2012,94.2284
Mexico,MEX,2013,93.96285
Mexico,MEX,2014,94.55588
Mexico,MEX,2015,94.47228
Mexico,MEX,2016,94.85962
Mexico,MEX,2017,94.97278
Mexico,MEX,2018,95.37991
Mexico,MEX,2020,95.24785
Micronesia,,1980,89
Middle East & North Africa,,1990,58.496243
Middle East & North Africa,,2000,70.40315
Middle East & North Africa,,2010,80.750015
Middle East & North Africa (IDA & IBRD),,1990,55.75025
Middle East & North Africa (IDA & IBRD),,2000,67.76973
Middle East & North Africa (IDA & IBRD),,2010,78.23286
Middle East & North Africa (excluding high income),,1990,56.03943
Middle East & North Africa (excluding high income),,2000,68.023575
Middle East & North Africa (excluding high income),,2010,78.43881
Middle East and North Africa (WB),,1974,43.99972
Middle East and North Africa (WB),,1975,44.48717
Middle East and North Africa (WB),,1976,45.01565
Middle East and North Africa (WB),,1977,45.55852
Middle East and North Africa (WB),,1978,46.21684
Middle East and North Africa (WB),,1979,46.88817
Middle East and North Africa (WB),,1980,47.65529
Middle East and North Africa (WB),,1981,48.42226
Middle East and North Africa (WB),,1982,49.24596
Middle East and North Africa (WB),,1983,50.03418
Middle East and North Africa (WB),,1984,50.90994
Middle East and North Africa (WB),,1985,51.93806
Middle East and North Africa (WB),,1986,52.89378
Middle East and North Africa (WB),,1987,53.72572
Middle East and North Africa (WB),,1988,54.84007
Middle East and North Africa (WB),,1989,55.84551
Middle East and North Africa (WB),,1990,58.23571
Middle East and North Africa (WB),,1991,59.51876
Middle East and North Africa (WB),,1992,60.49936
Middle East and North Africa (WB),,1993,61.39244
Middle East and North Africa (WB),,1994,62.19767
Middle East and North Africa (WB),,1995,63.81457
Middle East and North Africa (WB),,1996,65.12471
Middle East and North Africa (WB),,1997,66.04063
Middle East and North Africa (WB),,1998,67.25558
Middle East and North Africa (WB),,1999,68.35577
Middle East and North Africa (WB),,2000,69.23674
Middle East and North Africa (WB),,2001,70.5084
Middle East and North Africa (WB),,2002,71.02652
Middle East and North Africa (WB),,2003,74.09117
Middle East and North Africa (WB),,2004,74.7003
Middle East and North Africa (WB),,2005,74.46502
Middle East and North Africa (WB),,2006,74.54419
Middle East and North Africa (WB),,2007,75.23202
Middle East and North Africa (WB),,2008,75.84242
Middle East and North Africa (WB),,2009,75.86177
Middle East and North Africa (WB),,2010,76.66655
Middle East and North Africa (WB),,2011,77.35669
Middle East and North Africa (WB),,2012,79.85406
Middle East and North Africa (WB),,2013,77.86291
Middle East and North Africa (WB),,2014,81.56906
Middle East and North Africa (WB),,2015,79.55848
Middle East and North Africa (WB),,2016,80.59259
Middle East and North Africa (WB),,2017,81.51193
Middle East and North Africa (WB),,2018,79.00979
Middle East and North Africa (WB),,2019,79.341
Middle East and North Africa (WB),,2020,79.76233
Middle East and North Africa (WB),,2021,80.01225
Middle East and North Africa (WB),,2022,80.35759
Middle income,,1990,71.37112
Middle income,,2000,79.70074
Middle income,,2010,84.38868
Moldova,MDA,1989,96.37755
Moldova,MDA,2000,96.6538
Moldova,MDA,2014,99.35989
Moldova,MDA,2015,99.24439
Moldova,MDA,2021,99.6
Monaco,MCO,2003,99
Mongolia,MNG,2000,97.76885
Mongolia,MNG,2010,98.257
Mongolia,MNG,2015,98.36764
Mongolia,MNG,2020,99.18327
Montenegro,MNE,1981,89.6353
Montenegro,MNE,1991,93.46274
Montenegro,MNE,2003,97.77346
Montenegro,MNE,2011,98.44221
Montenegro,MNE,2015,98.71995
Montenegro,MNE,2021,98.98
Montserrat,MSR,1970,97
Morocco,MAR,1982,30.2578
Morocco,MAR,1994,41.59411
Morocco,MAR,2004,52.30626
Morocco,MAR,2008,55.14792
Morocco,MAR,2009,56.08367
Morocco,MAR,2011,67.08416
Morocco,MAR,2012,69.42539
Morocco,MAR,2014,75.5862
Morocco,MAR,2015,71.71055
Morocco,MAR,2022,77.35
Mozambique,MOZ,1980,26.99771
Mozambique,MOZ,1997,38.70788
Mozambique,MOZ,2003,48.15884
Mozambique,MOZ,2009,50.58381
Mozambique,MOZ,2015,56.039
Mozambique,MOZ,2017,60.65543
Mozambique,MOZ,2020,59.77961
Myanmar,MMR,1983,78.57041
Myanmar,MMR,2000,89.94176
Myanmar,MMR,2014,92.92316
Myanmar,MMR,2015,93.09005
Myanmar,MMR,2016,75.5512
Myanmar,MMR,2019,89.06995
Namibia,NAM,1991,75.81658
Namibia,NAM,2001,84.94426
Namibia,NAM,2007,76.48659
Namibia,NAM,2011,88.27463
Namibia,NAM,2015,90.8205
Namibia,NAM,2021,92.25
Nepal,NPL,1981,20.57367
Nepal,NPL,1991,32.97559
Nepal,NPL,2001,48.60897
Nepal,NPL,2011,59.62725
Nepal,NPL,2015,64.66364
Nepal,NPL,2021,71.15
Netherlands,NLD,1475,17
Netherlands,NLD,1550,12
Netherlands,NLD,1650,53
Netherlands,NLD,1750,85
Netherlands,NLD,2003,99
New Caledonia,NCL,1976,91.30037
New Caledonia,NCL,1989,93.08063
New Caledonia,NCL,1996,96.13792
New Caledonia,NCL,2006,97.3
New Caledonia,NCL,2014,96.80667
New Caledonia,NCL,2015,96.93782
New Zealand,NZL,2003,99
Nicaragua,NIC,1920,39
Nicaragua,NIC,1930,39
Nicaragua,NIC,1940,38
Nicaragua,NIC,1950,38
Nicaragua,NIC,1960,47
Nicaragua,NIC,1970,57
Nicaragua,NIC,1971,57
Nicaragua,NIC,1972,58
Nicaragua,NIC,1973,58
Nicaragua,NIC,1974,59
Nicaragua,NIC,1975,59
Nicaragua,NIC,1976,59
Nicaragua,NIC,1977,60
Nicaragua,NIC,1978,60
Nicaragua,NIC,1979,61
Nicaragua,NIC,1980,61
Nicaragua,NIC,1981,61
Nicaragua,NIC,1982,62
Nicaragua,NIC,1983,62
Nicaragua,NIC,1984,63
Nicaragua,NIC,1985,63
Nicaragua,NIC,1986,63
Nicaragua,NIC,1987,64
Nicaragua,NIC,1988,64
Nicaragua,NIC,1989,64
Nicaragua,NIC,1990,65
Nicaragua,NIC,1991,65
Nicaragua,NIC,1992,65
Nicaragua,NIC,1993,66
Nicaragua,NIC,1994,66
Nicaragua,NIC,1995,67
Nicaragua,NIC,1996,67
Nicaragua,NIC,1997,67
Nicaragua,NIC,1998,68
Nicaragua,NIC,1999,68
Nicaragua,NIC,2000,66
Nicaragua,NIC,2001,76.67713
Nicaragua,NIC,2005,78.00298
Nicaragua,NIC,2015,82.61455
Niger,NER,2001,14.37604
Niger,NER,2005,28.67242
Niger,NER,2012,30.56039
Niger,NER,2015,19.1026
Niger,NER,2022,38.1
Nigeria,NGA,1991,55.44675
Nigeria,NGA,2003,54.77318
Nigeria,NGA,2006,70.19835
Nigeria,NGA,2008,51.07766
Nigeria,NGA,2015,59.56808
Nigeria,NGA,2018,62.01601
Niue,NIU,2011,95
North America (WB),,2003,98.57133
North America (WB),,2004,98.58384
North America (WB),,2005,98.60252
North America (WB),,2006,98.61302
North America (WB),,2007,98.6258
North America (WB),,2008,98.64645
North America (WB),,2017,98.7193
North America (WB),,2018,98.72725
North America (WB),,2019,98.73326
North America (WB),,2020,98.74023
North America (WB),,2021,98.73995
North America (WB),,2022,98.74067
North Korea,PRK,2008,99.99819
North Korea,PRK,2015,99.99924
North Korea,PRK,2018,99.99819
North Macedonia,MKD,1994,94.05875
North Macedonia,MKD,2002,96.12893
North Macedonia,MKD,2012,97.6
North Macedonia,MKD,2014,97.75175
North Macedonia,MKD,2015,97.84376
Northern Mariana Islands,MNP,1980,97
Norway,NOR,2011,100
Oman,OMN,2003,81.36331
Oman,OMN,2008,86.62114
Oman,OMN,2010,86.939
Oman,OMN,2014,91.9812
Oman,OMN,2015,93.03861
Oman,OMN,2017,95.576
Oman,OMN,2018,95.65153
Oman,OMN,2022,97.33906
Other small states,,1990,73.33838
Other small states,,2000,78.839775
Other small states,,2010,83.64996
Pacific island small states,,2000,86.692055
Pakistan,PAK,1981,25.72519
Pakistan,PAK,1998,42.69931
Pakistan,PAK,2005,49.87364
Pakistan,PAK,2006,54.15121
Pakistan,PAK,2007,52.13683
Pakistan,PAK,2008,55.52637
Pakistan,PAK,2009,54.89264
Pakistan,PAK,2010,55.37519
Pakistan,PAK,2011,54.73802
Pakistan,PAK,2012,56.76434
Pakistan,PAK,2013,55.59499
Pakistan,PAK,2014,56.97715
Pakistan,PAK,2015,56.44031
Pakistan,PAK,2017,59.13205
Pakistan,PAK,2018,57.01057
Pakistan,PAK,2019,57.99886
Palau,PLW,1980,91.92142
Palau,PLW,1994,94.4333
Palau,PLW,2004,96.9898
Palau,PLW,2013,99.50313
Palau,PLW,2015,96.59374
Palestine,PSE,1997,86.07696
Palestine,PSE,2004,92.47751
Palestine,PSE,2006,93.45087
Palestine,PSE,2007,93.7617
Palestine,PSE,2008,94.00984
Palestine,PSE,2009,94.43018
Palestine,PSE,2010,94.71748
Palestine,PSE,2011,95.02582
Palestine,PSE,2012,95.67101
Palestine,PSE,2013,96.04603
Palestine,PSE,2014,96.21293
Palestine,PSE,2015,96.47712
Palestine,PSE,2016,96.71919
Palestine,PSE,2017,96.9244
Palestine,PSE,2018,97.21861
Palestine,PSE,2019,97.37826
Panama,PAN,1900,17
Panama,PAN,1910,27
Panama,PAN,1920,42
Panama,PAN,1930,46
Panama,PAN,1940,58
Panama,PAN,1950,67
Panama,PAN,1960,73
Panama,PAN,1970,79
Panama,PAN,1971,80
Panama,PAN,1972,80
Panama,PAN,1973,81
Panama,PAN,1974,81
Panama,PAN,1975,82
Panama,PAN,1976,83
Panama,PAN,1977,83
Panama,PAN,1978,84
Panama,PAN,1979,84
Panama,PAN,1980,88.07174
Panama,PAN,1990,88.77986
Panama,PAN,2000,91.89962
Panama,PAN,2010,94.09412
Panama,PAN,2015,95.03823
Panama,PAN,2018,95.41181
Panama,PAN,2019,95.73608
Papua New Guinea,PNG,2000,57.34326
Papua New Guinea,PNG,2010,61.6
Papua New Guinea,PNG,2014,63.09609
Papua New Guinea,PNG,2015,63.43349
Paraguay,PRY,1900,31
Paraguay,PRY,1910,38
Paraguay,PRY,1920,45
Paraguay,PRY,1930,52
Paraguay,PRY,1940,59
Paraguay,PRY,1950,66
Paraguay,PRY,1960,73
Paraguay,PRY,1970,80
Paraguay,PRY,1971,80
Paraguay,PRY,1972,81
Paraguay,PRY,1973,82
Paraguay,PRY,1974,82
Paraguay,PRY,1975,83
Paraguay,PRY,1976,84
Paraguay,PRY,1977,84
Paraguay,PRY,1978,85
Paraguay,PRY,1979,85
Paraguay,PRY,1980,86
Paraguay,PRY,1981,86
Paraguay,PRY,1982,78.45861
Paraguay,PRY,1992,90.27182
Paraguay,PRY,2007,94.55822
Paraguay,PRY,2008,93.29208
Paraguay,PRY,2009,93.75424
Paraguay,PRY,2010,93.87092
Paraguay,PRY,2012,94.19747
Paraguay,PRY,2013,95.05904
Paraguay,PRY,2014,95.03481
Paraguay,PRY,2015,95.55484
Paraguay,PRY,2016,94.65024
Paraguay,PRY,2018,94.0208
Paraguay,PRY,2019,93.21353
Paraguay,PRY,2020,94.54455
Peru,PER,1900,24
Peru,PER,1910,29
Peru,PER,1920,33
Peru,PER,1930,37
Peru,PER,1940,42
Peru,PER,1950,51
Peru,PER,1960,60
Peru,PER,1970,72
Peru,PER,1979,79
Peru,PER,1980,79
Peru,PER,1981,81.91846
Peru,PER,1993,87.15063
Peru,PER,2004,87.66985
Peru,PER,2005,87.90867
Peru,PER,2006,88.69934
Peru,PER,2007,89.59081
Peru,PER,2012,93.84173
Peru,PER,2014,93.70795
Peru,PER,2015,94.16234
Peru,PER,2016,94.17367
Peru,PER,2017,94.14961
Peru,PER,2018,94.40827
Peru,PER,2020,94.49793
Philippines,PHL,1980,83.31723
Philippines,PHL,1990,93.5739
Philippines,PHL,1994,93.91597
Philippines,PHL,2000,92.60006
Philippines,PHL,2003,92.59069
Philippines,PHL,2008,95.4201
Philippines,PHL,2013,96.398
Philippines,PHL,2015,98.18255
Philippines,PHL,2019,96.27817
Poland,POL,1475,0
Poland,POL,1550,0
Poland,POL,1650,3
Poland,POL,1750,5
Poland,POL,1978,98.74274
Poland,POL,1988,99.3
Poland,POL,1994,99.40237
Poland,POL,2004,99.61794
Poland,POL,2014,99.77411
Poland,POL,2015,99.78742
Poland,POL,2021,99.8
Portugal,PRT,1981,79.43561
Portugal,PRT,1991,87.94785
Portugal,PRT,2011,94.47705
Portugal,PRT,2015,95.42811
Portugal,PRT,2021,96.78
Pre-demographic dividend,,1990,51.186974
Pre-demographic dividend,,2000,55.785202
Pre-demographic dividend,,2010,58.624794
Puerto Rico,PRI,1980,86.74606
Puerto Rico,PRI,1990,89.6225
Puerto Rico,PRI,2004,90.52934
Puerto Rico,PRI,2010,91.96523
Puerto Rico,PRI,2015,93.32942
Puerto Rico,PRI,2017,92.39
Puerto Rico,PRI,2021,92.4
Qatar,QAT,1986,75.63504
Qatar,QAT,1997,83.26216
Qatar,QAT,2004,88.96239
Qatar,QAT,2007,93.08255
Qatar,QAT,2008,93.98973
Qatar,QAT,2009,94.72429
Qatar,QAT,2010,96.28374
Qatar,QAT,2011,96.40687
Qatar,QAT,2012,96.67859
Qatar,QAT,2013,97.47785
Qatar,QAT,2014,97.74669
Qatar,QAT,2015,97.75709
Romania,ROU,1992,96.70998
Romania,ROU,2002,97.29759
Romania,ROU,2011,98.60429
Romania,ROU,2015,98.75703
Romania,ROU,2021,98.9
Russia,RUS,1820,8
Russia,RUS,1870,15
Russia,RUS,1989,97.98605
Russia,RUS,2002,99.44097
Russia,RUS,2010,99.68427
Russia,RUS,2015,99.71957
Russia,RUS,2021,99.92777
Rwanda,RWA,1978,38.24343
Rwanda,RWA,1991,57.85349
Rwanda,RWA,2000,64.8886
Rwanda,RWA,2010,65.85227
Rwanda,RWA,2012,68.33103
Rwanda,RWA,2014,70.80413
Rwanda,RWA,2015,71.2435
Rwanda,RWA,2018,73.21559
Rwanda,RWA,2021,75.9
Saint Helena,SHN,1987,97
Saint Kitts and Nevis,KNA,2003,97.8
Saint Lucia,LCA,2001,90.1
Saint Pierre and Miquelon,SPM,1982,99
Saint Vincent and the Grenadines,VCT,1970,95.63216
Saint Vincent and the Grenadines,VCT,1980,96.9
Samoa,WSM,1991,97.94433
Samoa,WSM,2004,98.54048
Samoa,WSM,2011,98.97326
Samoa,WSM,2015,99.01501
Samoa,WSM,2021,99.1
San Marino,SMR,2011,96
Sao Tome and Principe,STP,1981,57.32426
Sao Tome and Principe,STP,1991,73.24242
Sao Tome and Principe,STP,2001,84.90851
Sao Tome and Principe,STP,2008,69.53639
Sao Tome and Principe,STP,2012,90.1431
Sao Tome and Principe,STP,2015,91.74711
Sao Tome and Principe,STP,2022,93.75
Saudi Arabia,SAU,1992,70.82165
Saudi Arabia,SAU,2000,79.35094
Saudi Arabia,SAU,2004,82.85774
Saudi Arabia,SAU,2013,94.42634
Saudi Arabia,SAU,2015,94.84237
Saudi Arabia,SAU,2017,95.32863
Saudi Arabia,SAU,2020,97.58507
Senegal,SEN,1988,26.86885
Senegal,SEN,2002,39.27525
Senegal,SEN,2006,41.89115
Senegal,SEN,2009,48.03678
Senegal,SEN,2011,51.81455
Senegal,SEN,2013,43.5345
Senegal,SEN,2015,55.62485
Senegal,SEN,2017,51.90042
Senegal,SEN,2022,57.67
Serbia,SRB,2003,96.39724
Serbia,SRB,2011,97.96241
Serbia,SRB,2015,98.00289
Serbia,SRB,2016,98.84151
Serbia,SRB,2019,99.48253
Seychelles,SYC,1987,84.22922
Seychelles,SYC,1994,87.81115
Seychelles,SYC,2002,91.83646
Seychelles,SYC,2010,93.95423
Seychelles,SYC,2015,95.32108
Seychelles,SYC,2020,96.2
Sierra Leone,SLE,2004,34.82679
Sierra Leone,SLE,2013,32.42617
Sierra Leone,SLE,2014,47.18624
Sierra Leone,SLE,2015,48.4319
Sierra Leone,SLE,2022,48.64
Singapore,SGP,1980,82.90605
Singapore,SGP,1990,89.096
Singapore,SGP,2000,92.5494
Singapore,SGP,2010,95.85733
Singapore,SGP,2011,96.18604
Singapore,SGP,2012,96.36979
Singapore,SGP,2013,96.54802
Singapore,SGP,2014,96.71669
Singapore,SGP,2015,96.82549
Singapore,SGP,2016,97.04956
Singapore,SGP,2017,97.20222
Singapore,SGP,2018,97.34486
Singapore,SGP,2019,97.47958
Singapore,SGP,2020,97.13185
Slovakia,SVK,2004,99.6
Slovenia,SVN,1991,99.52452
Slovenia,SVN,2001,99.6
Slovenia,SVN,2004,99.65179
Slovenia,SVN,2014,99.71005
Slovenia,SVN,2015,99.71476
Small states,,1990,77.28492
Small states,,2000,81.47796
Small states,,2010,85.654785
Solomon Islands,SLB,1999,76.6
Solomon Islands,SLB,2011,84.1
Somalia,SOM,1972,5.40465
Somalia,SOM,2001,37.8
Somalia,SOM,2022,41.025
South Africa,ZAF,1980,76.20049
South Africa,ZAF,1996,82.4021
South Africa,ZAF,2007,88.71725
South Africa,ZAF,2009,92.89486
South Africa,ZAF,2010,92.87732
South Africa,ZAF,2011,93.10214
South Africa,ZAF,2012,93.72947
South Africa,ZAF,2014,94.1399
South Africa,ZAF,2015,94.36792
South Africa,ZAF,2017,87.04667
South Africa,ZAF,2019,95.02297
South Africa,ZAF,2021,90.00136
South Asia,,1990,46.487602
South Asia,,2000,58.08542
South Asia,,2010,66.69118
South Asia (IDA & IBRD),,1990,46.487602
South Asia (IDA & IBRD),,2000,58.08542
South Asia (IDA & IBRD),,2010,66.69118
South Asia (WB),,1975,36.03934
South Asia (WB),,1976,36.04425
South Asia (WB),,1977,36.6957
South Asia (WB),,1978,37.34392
South Asia (WB),,1979,37.98005
South Asia (WB),,1980,38.5959
South Asia (WB),,1981,38.63157
South Asia (WB),,1982,39.82555
South Asia (WB),,1983,40.47922
South Asia (WB),,1984,41.1337
South Asia (WB),,1985,41.78566
South Asia (WB),,1986,42.44037
South Asia (WB),,1987,43.09805
South Asia (WB),,1988,43.84537
South Asia (WB),,1989,44.61243
South Asia (WB),,1990,45.3592
South Asia (WB),,1991,45.78956
South Asia (WB),,1992,47.08633
South Asia (WB),,1993,48.08146
South Asia (WB),,1994,48.84938
South Asia (WB),,1995,49.64048
South Asia (WB),,1996,50.4492
South Asia (WB),,1997,51.26017
South Asia (WB),,1998,56.10294
South Asia (WB),,1999,56.87631
South Asia (WB),,2000,57.65058
South Asia (WB),,2001,58.09879
South Asia (WB),,2002,59.20313
South Asia (WB),,2003,60.09578
South Asia (WB),,2004,60.87617
South Asia (WB),,2005,60.62967
South Asia (WB),,2006,60.16197
South Asia (WB),,2007,61.70198
South Asia (WB),,2008,62.79358
South Asia (WB),,2009,63.46568
South Asia (WB),,2010,66.03606
South Asia (WB),,2011,66.50597
South Asia (WB),,2012,67.30776
South Asia (WB),,2013,68.05453
South Asia (WB),,2014,68.79317
South Asia (WB),,2015,69.75716
South Asia (WB),,2016,71.10493
South Asia (WB),,2017,71.79036
South Asia (WB),,2018,72.08151
South Asia (WB),,2019,71.94279
South Asia (WB),,2020,72.65861
South Asia (WB),,2021,73.42247
South Asia (WB),,2022,74.18776
South Korea,KOR,2008,97.96594
South Korea,KOR,2018,98.8
South Sudan,SSD,2008,26.83128
South Sudan,SSD,2015,31.97625
South Sudan,SSD,2018,34.52276
Southern and Eastern Africa (WB),,1987,56.85891
Southern and Eastern Africa (WB),,1988,57.16619
Southern and Eastern Africa (WB),,1989,57.61875
Southern and Eastern Africa (WB),,1990,58.18002
Southern and Eastern Africa (WB),,1991,58.14119
Southern and Eastern Africa (WB),,1992,58.53064
Southern and Eastern Africa (WB),,1993,58.9126
Southern and Eastern Africa (WB),,1994,59.52685
Southern and Eastern Africa (WB),,1995,59.92194
Southern and Eastern Africa (WB),,1996,60.43493
Southern and Eastern Africa (WB),,1997,61.17406
Southern and Eastern Africa (WB),,1998,61.40871
Southern and Eastern Africa (WB),,1999,62.25842
Southern and Eastern Africa (WB),,2000,62.49518
Southern and Eastern Africa (WB),,2001,63.41789
Southern and Eastern Africa (WB),,2002,63.74941
Southern and Eastern Africa (WB),,2003,64.3503
Southern and Eastern Africa (WB),,2004,65.60042
Southern and Eastern Africa (WB),,2005,63.94247
Southern and Eastern Africa (WB),,2006,62.13387
Southern and Eastern Africa (WB),,2007,62.83576
Southern and Eastern Africa (WB),,2008,63.30951
Southern and Eastern Africa (WB),,2009,64.00042
Southern and Eastern Africa (WB),,2010,64.61788
Southern and Eastern Africa (WB),,2011,66.82965
Southern and Eastern Africa (WB),,2012,68.36135
Southern and Eastern Africa (WB),,2013,69.3831
Southern and Eastern Africa (WB),,2014,69.83477
Southern and Eastern Africa (WB),,2015,70.31342
Southern and Eastern Africa (WB),,2016,71.0952
Southern and Eastern Africa (WB),,2017,71.00907
Southern and Eastern Africa (WB),,2018,71.39262
Southern and Eastern Africa (WB),,2019,72.63497
Southern and Eastern Africa (WB),,2020,72.78562
Southern and Eastern Africa (WB),,2021,72.58116
Southern and Eastern Africa (WB),,2022,72.6004
Spain,ESP,1475,3
Spain,ESP,1550,4
Spain,ESP,1650,5
Spain,ESP,1750,8
Spain,ESP,1820,20
Spain,ESP,1870,30
Spain,ESP,1981,92.80977
Spain,ESP,1991,96.49497
Spain,ESP,2004,97.16512
Spain,ESP,2005,97.75069
Spain,ESP,2006,97.75214
Spain,ESP,2007,97.93884
Spain,ESP,2008,97.63061
Spain,ESP,2009,97.67927
Spain,ESP,2010,97.7489
Spain,ESP,2011,97.78375
Spain,ESP,2012,97.89454
Spain,ESP,2013,98.07913
Spain,ESP,2014,98.09372
Spain,ESP,2015,98.14326
Spain,ESP,2016,98.25051
Spain,ESP,2018,98.4365
Spain,ESP,2020,98.59446
Sri Lanka,LKA,1981,86.77792
Sri Lanka,LKA,2001,90.68275
Sri Lanka,LKA,2006,90.80883
Sri Lanka,LKA,2008,90.55795
Sri Lanka,LKA,2010,91.18136
Sri Lanka,LKA,2015,92.61417
Sri Lanka,LKA,2016,92.3869
Sri Lanka,LKA,2017,91.89575
Sri Lanka,LKA,2018,91.70982
Sri Lanka,LKA,2019,92.25296
Sri Lanka,LKA,2020,92.3823
Sri Lanka,LKA,2021,92.42903
Sub-Saharan Africa,,2000,56.981934
Sub-Saharan Africa,,2010,60.880547
Sub-Saharan Africa (IDA & IBRD),,1990,52.53158
Sub-Saharan Africa (IDA & IBRD),,2000,56.981934
Sub-Saharan Africa (IDA & IBRD),,2010,60.880547
Sub-Saharan Africa (WB),,1985,49.67415
Sub-Saharan Africa (WB),,1986,49.99364
Sub-Saharan Africa (WB),,1987,50.62375
Sub-Saharan Africa (WB),,1988,51.10168
Sub-Saharan Africa (WB),,1989,51.69056
Sub-Saharan Africa (WB),,1990,52.3394
Sub-Saharan Africa (WB),,1991,52.81162
Sub-Saharan Africa (WB),,1992,53.17252
Sub-Saharan Africa (WB),,1993,53.72444
Sub-Saharan Africa (WB),,1994,54.4332
Sub-Saharan Africa (WB),,1995,54.72776
Sub-Saharan Africa (WB),,1996,55.34565
Sub-Saharan Africa (WB),,1997,56.19275
Sub-Saharan Africa (WB),,1998,56.86825
Sub-Saharan Africa (WB),,1999,57.72549
Sub-Saharan Africa (WB),,2000,56.25376
Sub-Saharan Africa (WB),,2001,57.49454
Sub-Saharan Africa (WB),,2002,57.98504
Sub-Saharan Africa (WB),,2003,58.34713
Sub-Saharan Africa (WB),,2004,59.86667
Sub-Saharan Africa (WB),,2005,58.89574
Sub-Saharan Africa (WB),,2006,60.25526
Sub-Saharan Africa (WB),,2007,57.71746
Sub-Saharan Africa (WB),,2008,57.88128
Sub-Saharan Africa (WB),,2009,58.65356
Sub-Saharan Africa (WB),,2010,59.21304
Sub-Saharan Africa (WB),,2011,60.78816
Sub-Saharan Africa (WB),,2012,61.96924
Sub-Saharan Africa (WB),,2013,62.83043
Sub-Saharan Africa (WB),,2014,63.51338
Sub-Saharan Africa (WB),,2015,64.13228
Sub-Saharan Africa (WB),,2016,64.8614
Sub-Saharan Africa (WB),,2017,65.22324
Sub-Saharan Africa (WB),,2018,66.68364
Sub-Saharan Africa (WB),,2019,67.41086
Sub-Saharan Africa (WB),,2020,67.54763
Sub-Saharan Africa (WB),,2021,67.59193
Sub-Saharan Africa (WB),,2022,67.71501
Sub-Saharan Africa (excluding high income),,2000,56.976406
Sub-Saharan Africa (excluding high income),,2010,60.875755
Sudan,SDN,2000,61.34587
Sudan,SDN,2008,53.51738
Sudan,SDN,2015,58.60132
Sudan,SDN,2018,60.69718
Suriname,SUR,2004,89.59806
Suriname,SUR,2008,94.62094
Suriname,SUR,2010,94.67575
Suriname,SUR,2012,92.86866
Suriname,SUR,2015,95.53899
Suriname,SUR,2021,95
Sweden,SWE,1475,1
Sweden,SWE,1550,1
Sweden,SWE,1650,23
Sweden,SWE,1750,48
Sweden,SWE,1820,75
Sweden,SWE,1870,80
Sweden,SWE,2003,99
Switzerland,CHE,2003,99
Syria,SYR,1981,55.6545
Syria,SYR,2002,82.88825
Syria,SYR,2004,80.84452
Syria,SYR,2014,86.3
Syria,SYR,2015,86.30393
Taiwan,TWN,2003,96.1
Tajikistan,TJK,1989,97.69402
Tajikistan,TJK,2000,99.45068
Tajikistan,TJK,2010,99.7
Tajikistan,TJK,2014,99.76841
Tajikistan,TJK,2015,99.78105
Tanzania,TZA,1988,59.1138
Tanzania,TZA,2002,69.4309
Tanzania,TZA,2010,67.8007
Tanzania,TZA,2012,78.10059
Tanzania,TZA,2015,77.88723
Tanzania,TZA,2022,82.02
Thailand,THA,1980,87.98176
Thailand,THA,2000,92.64654
Thailand,THA,2005,93.50647
Thailand,THA,2010,96.43091
Thailand,THA,2013,93.70207
Thailand,THA,2015,92.86831
Thailand,THA,2018,93.76776
Thailand,THA,2021,94.1
Togo,TGO,2000,53.1776
Togo,TGO,2006,56.88837
Togo,TGO,2009,57.09338
Togo,TGO,2011,60.40994
Togo,TGO,2015,63.74562
Togo,TGO,2019,66.53708
Tonga,TON,1976,99.59246
Tonga,TON,1996,98.90537
Tonga,TON,2006,99.01846
Tonga,TON,2011,99.38553
Tonga,TON,2015,99.39786
Tonga,TON,2021,99.4
Trinidad and Tobago,TTO,1980,94.97032
Trinidad and Tobago,TTO,1990,96.93855
Trinidad and Tobago,TTO,2000,97.9
Trinidad and Tobago,TTO,2004,98.28851
Trinidad and Tobago,TTO,2014,98.91949
Trinidad and Tobago,TTO,2015,98.96958
Tunisia,TUN,1984,48.1907
Tunisia,TUN,1994,59.06181
Tunisia,TUN,2004,74.297
Tunisia,TUN,2007,77.1904
Tunisia,TUN,2008,77.71462
Tunisia,TUN,2010,79.13058
Tunisia,TUN,2011,79.65391
Tunisia,TUN,2012,80.21875
Tunisia,TUN,2014,79.03643
Tunisia,TUN,2015,81.05419
Tunisia,TUN,2022,83.56
Turkey,TUR,1975,61.62768
Turkey,TUR,1980,65.69434
Turkey,TUR,1985,75.96824
Turkey,TUR,1990,79.23245
Turkey,TUR,2004,87.36549
Turkey,TUR,2005,88.22906
Turkey,TUR,2006,88.11939
Turkey,TUR,2007,88.6559
Turkey,TUR,2009,90.81672
Turkey,TUR,2010,92.6606
Turkey,TUR,2011,94.10609
Turkey,TUR,2012,94.91975
Turkey,TUR,2013,95.25666
Turkey,TUR,2014,95.43963
Turkey,TUR,2015,95.60142
Turkey,TUR,2016,96.16733
Turkey,TUR,2017,96.15053
Turkey,TUR,2019,96.74221
Turkmenistan,TKM,1995,98.77832
Turkmenistan,TKM,2005,99.4
Turkmenistan,TKM,2014,99.67285
Turkmenistan,TKM,2015,99.69293
Turks and Caicos Islands,TCA,1970,98
Uganda,UGA,1991,56.10738
Uganda,UGA,2002,68.14251
Uganda,UGA,2006,71.37314
Uganda,UGA,2010,73.21188
Uganda,UGA,2012,70.19822
Uganda,UGA,2015,73.80984
Uganda,UGA,2018,76.5275
Uganda,UGA,2022,80.59
Ukraine,UKR,2001,99.43041
Ukraine,UKR,2012,99.97435
Ukraine,UKR,2014,99.75347
Ukraine,UKR,2015,99.76411
Ukraine,UKR,2021,100
United Arab Emirates,ARE,1975,53.51488
United Arab Emirates,ARE,1985,71.2353
United Arab Emirates,ARE,2005,90.03385
United Arab Emirates,ARE,2015,92.98637
United Arab Emirates,ARE,2019,97.78251
United Arab Emirates,ARE,2021,98.12636
United Arab Emirates,ARE,2022,98.28541
United Kingdom,GBR,1475,5
United Kingdom,GBR,1550,16
United Kingdom,GBR,1650,53
United Kingdom,GBR,1750,54
United Kingdom,GBR,1820,53
United Kingdom,GBR,1870,76
United Kingdom,GBR,2003,99
United States,USA,1870,80
United States,USA,1880,83
United States,USA,1890,86.7
United States,USA,1900,89.3
United States,USA,1910,92.3
United States,USA,1920,94
United States,USA,1930,95.7
United States,USA,1940,97.1
United States,USA,1947,97.3
United States,USA,1950,96.8
United States,USA,1952,97.5
United States,USA,1959,97.8
United States,USA,1969,99
United States,USA,1979,99.4
United States,USA,2003,99
Upper middle income,,1990,81.91885
Upper middle income,,2000,90.65731
Upper middle income,,2010,94.26899
Upper-middle-income countries,,1976,68.74029
Upper-middle-income countries,,1977,68.93139
Upper-middle-income countries,,1978,69.90414
Upper-middle-income countries,,1979,70.97245
Upper-middle-income countries,,1980,71.50332
Upper-middle-income countries,,1981,72.87539
Upper-middle-income countries,,1982,73.4479
Upper-middle-income countries,,1983,74.5785
Upper-middle-income countries,,1984,75.58398
Upper-middle-income countries,,1985,76.43733
Upper-middle-income countries,,1986,77.26837
Upper-middle-income countries,,1987,78.11403
Upper-middle-income countries,,1988,81.40846
Upper-middle-income countries,,1989,82.00051
Upper-middle-income countries,,1990,81.94503
Upper-middle-income countries,,1991,83.05663
Upper-middle-income countries,,1992,83.58292
Upper-middle-income countries,,1993,84.08188
Upper-middle-income countries,,1994,84.56281
Upper-middle-income countries,,1995,85.04725
Upper-middle-income countries,,1996,85.50188
Upper-middle-income countries,,1997,89.81379
Upper-middle-income countries,,1998,90.20424
Upper-middle-income countries,,1999,90.5234
Upper-middle-income countries,,2000,90.8407
Upper-middle-income countries,,2001,91.18142
Upper-middle-income countries,,2002,91.45816
Upper-middle-income countries,,2003,91.86902
Upper-middle-income countries,,2004,92.12041
Upper-middle-income countries,,2005,92.44411
Upper-middle-income countries,,2006,92.73255
Upper-middle-income countries,,2007,93.57468
Upper-middle-income countries,,2008,93.85072
Upper-middle-income countries,,2009,93.93437
Upper-middle-income countries,,2010,94.1354
Upper-middle-income countries,,2011,94.38587
Upper-middle-income countries,,2012,94.83447
Upper-middle-income countries,,2013,94.60601
Upper-middle-income countries,,2014,95.30264
Upper-middle-income countries,,2015,95.07114
Upper-middle-income countries,,2016,95.64911
Upper-middle-income countries,,2017,95.6296
Upper-middle-income countries,,2018,95.42072
Upper-middle-income countries,,2019,95.73506
Upper-middle-income countries,,2020,95.95692
Upper-middle-income countries,,2021,95.91167
Upper-middle-income countries,,2022,95.95597
Uruguay,URY,1900,59
Uruguay,URY,1910,65
Uruguay,URY,1920,70
Uruguay,URY,1930,76
Uruguay,URY,1940,81
Uruguay,URY,1950,86
Uruguay,URY,1960,89
Uruguay,URY,1970,93
Uruguay,URY,1971,93
Uruguay,URY,1972,93
Uruguay,URY,1973,93
Uruguay,URY,1974,94
Uruguay,URY,1975,93.86107
Uruguay,URY,1985,95.37998
Uruguay,URY,1996,96.78181
Uruguay,URY,2006,97.78963
Uruguay,URY,2007,97.86389
Uruguay,URY,2008,98.16356
Uruguay,URY,2009,98.26723
Uruguay,URY,2010,98.07271
Uruguay,URY,2011,98.3359
Uruguay,URY,2012,98.39594
Uruguay,URY,2013,98.36387
Uruguay,URY,2014,98.43593
Uruguay,URY,2015,98.52387
Uruguay,URY,2016,98.56147
Uruguay,URY,2017,98.61572
Uruguay,URY,2018,98.70386
Uruguay,URY,2019,98.77035
Uzbekistan,UZB,2000,98.64258
Uzbekistan,UZB,2013,99.99486
Uzbekistan,UZB,2014,99.98055
Uzbekistan,UZB,2015,99.98383
Uzbekistan,UZB,2016,99.98657
Uzbekistan,UZB,2018,99.99289
Uzbekistan,UZB,2019,99.99995
Uzbekistan,UZB,2021,99.99792
Uzbekistan,UZB,2022,99.99998
Vanuatu,VUT,1979,52.87392
Vanuatu,VUT,1984,58.2
Vanuatu,VUT,1994,68.7
Vanuatu,VUT,1999,74
Vanuatu,VUT,2004,78.4
Vanuatu,VUT,2014,84.7
Vanuatu,VUT,2015,85.05868
Vanuatu,VUT,2021,89.1
Vatican,VAT,2011,100
Venezuela,VEN,1900,28
Venezuela,VEN,1910,29
Venezuela,VEN,1920,32
Venezuela,VEN,1930,36
Venezuela,VEN,1940,42
Venezuela,VEN,1950,51
Venezuela,VEN,1960,62
Venezuela,VEN,1970,76
Venezuela,VEN,1971,77
Venezuela,VEN,1972,78
Venezuela,VEN,1973,79
Venezuela,VEN,1974,80
Venezuela,VEN,1975,80
Venezuela,VEN,1976,81
Venezuela,VEN,1977,82
Venezuela,VEN,1978,83
Venezuela,VEN,1979,83
Venezuela,VEN,1980,84
Venezuela,VEN,1981,84.7322
Venezuela,VEN,1990,89.82525
Venezuela,VEN,2001,92.97983
Venezuela,VEN,2007,95.15464
Venezuela,VEN,2009,95.51199
Venezuela,VEN,2011,94.77022
Venezuela,VEN,2015,96.60522
Venezuela,VEN,2016,97.12709
Venezuela,VEN,2022,97.6
Vietnam,VNM,1979,83.82594
Vietnam,VNM,1989,87.59645
Vietnam,VNM,1999,90.2783
Vietnam,VNM,2000,90.15613
Vietnam,VNM,2009,93.52045
Vietnam,VNM,2015,94.51427
Vietnam,VNM,2019,95.75387
Virgin Islands,,2005,90
Wallis and Futuna,WLF,1969,50
Western and Central Africa (WB),,1985,40.29465
Western and Central Africa (WB),,1986,40.55083
Western and Central Africa (WB),,1987,41.29927
Western and Central Africa (WB),,1988,42.03242
Western and Central Africa (WB),,1989,42.82516
Western and Central Africa (WB),,1990,43.60494
Western and Central Africa (WB),,1991,44.82332
Western and Central Africa (WB),,1992,45.16338
Western and Central Africa (WB),,1993,46.00217
Western and Central Africa (WB),,1994,46.86951
Western and Central Africa (WB),,1995,47.01763
Western and Central Africa (WB),,1996,47.80645
Western and Central Africa (WB),,1997,48.82888
Western and Central Africa (WB),,1998,50.17558
Western and Central Africa (WB),,1999,51.05166
Western and Central Africa (WB),,2000,47.05716
Western and Central Africa (WB),,2001,48.76261
Western and Central Africa (WB),,2002,49.47245
Western and Central Africa (WB),,2003,49.47437
Western and Central Africa (WB),,2004,51.38341
Western and Central Africa (WB),,2005,51.42382
Western and Central Africa (WB),,2006,57.47115
Western and Central Africa (WB),,2007,50.11955
Western and Central Africa (WB),,2008,49.81004
Western and Central Africa (WB),,2009,50.69238
Western and Central Africa (WB),,2010,51.15696
Western and Central Africa (WB),,2011,51.76631
Western and Central Africa (WB),,2012,52.41016
Western and Central Africa (WB),,2013,53.00278
Western and Central Africa (WB),,2014,54.00676
Western and Central Africa (WB),,2015,54.81832
Western and Central Africa (WB),,2016,55.43792
Western and Central Africa (WB),,2017,56.48554
Western and Central Africa (WB),,2018,59.56846
Western and Central Africa (WB),,2019,59.51172
Western and Central Africa (WB),,2020,59.61751
Western and Central Africa (WB),,2021,60.03461
Western and Central Africa (WB),,2022,60.3127
World,OWID_WRL,1820,12
World,OWID_WRL,1870,19
World,OWID_WRL,1880,20
World,OWID_WRL,1890,21
World,OWID_WRL,1900,21
World,OWID_WRL,1910,26
World,OWID_WRL,1920,32
World,OWID_WRL,1930,33
World,OWID_WRL,1940,42
World,OWID_WRL,1950,36
World,OWID_WRL,1960,42
World,OWID_WRL,1976,65.58655
World,OWID_WRL,1977,65.87833
World,OWID_WRL,1978,66.50104
World,OWID_WRL,1979,67.15501
World,OWID_WRL,1980,67.58338
World,OWID_WRL,1981,68.29191
World,OWID_WRL,1982,68.84949
World,OWID_WRL,1983,69.5504
World,OWID_WRL,1984,70.20852
World,OWID_WRL,1985,70.8034
World,OWID_WRL,1986,71.35792
World,OWID_WRL,1987,72.04868
World,OWID_WRL,1988,73.77016
World,OWID_WRL,1989,74.30384
World,OWID_WRL,1990,74.60577
World,OWID_WRL,1991,75.19876
World,OWID_WRL,1992,75.64575
World,OWID_WRL,1993,76.05962
World,OWID_WRL,1994,76.46277
World,OWID_WRL,1995,76.86894
World,OWID_WRL,1996,77.25817
World,OWID_WRL,1997,79.24868
World,OWID_WRL,1998,80.43393
World,OWID_WRL,1999,80.7684
World,OWID_WRL,2000,80.87452
World,OWID_WRL,2001,81.20433
World,OWID_WRL,2002,81.57198
World,OWID_WRL,2003,82.06556
World,OWID_WRL,2004,82.43894
World,OWID_WRL,2005,82.37777
World,OWID_WRL,2006,82.46365
World,OWID_WRL,2007,82.92806
World,OWID_WRL,2008,83.25666
World,OWID_WRL,2009,83.5132
World,OWID_WRL,2010,84.16
World,OWID_WRL,2011,84.32265
World,OWID_WRL,2012,84.76106
World,OWID_WRL,2013,84.86014
World,OWID_WRL,2014,85.43371
World,OWID_WRL,2015,85.60183
World,OWID_WRL,2016,86.06116
World,OWID_WRL,2017,86.28823
World,OWID_WRL,2018,86.33905
World,OWID_WRL,2019,86.4896
World,OWID_WRL,2020,86.71151
World,OWID_WRL,2021,86.85275
World,OWID_WRL,2022,87.01175
Yemen,YEM,1994,37.09
Yemen,YEM,2004,54.1
Yemen,YEM,2014,68.78942
Yemen,YEM,2015,69.96195
Zambia,ZMB,1990,64.99828
Zambia,ZMB,1999,68.00179
Zambia,ZMB,2002,69.14922
Zambia,ZMB,2007,61.12709
Zambia,ZMB,2010,83.00767
Zambia,ZMB,2015,85.11726
Zambia,ZMB,2020,87.5
Zimbabwe,ZWE,1982,77.79417
Zimbabwe,ZWE,1992,83.51258
Zimbabwe,ZWE,2011,83.58271
Zimbabwe,ZWE,2014,88.69342
Zimbabwe,ZWE,2015,86.87348
Zimbabwe,ZWE,2022,89.85
